BELLA,2017-03-29
BUFFY,2013-09-21
OBI,2012-01-01
BRONSON,2018-11-25
FINCH,2015-09-21
ROO,2019-01-01
BRIAN,2017-04-01
BEAU,2016-11-14
CINNAMON,2014-05-15
EVEREST,2016-06-19
TOPSY,2007-09-07
CHARLIE,2017-12-22
MATTY,2015-04-13
JACK,2011-05-28
GRANNY,2012-01-01
COOKIE,2013-08-19
MAX,2011-06-01
BELLA,2006-06-01
MAUDE,2014-11-01
MOSS,2016-11-15
RAIN,2017-03-21
HOLLY,2012-06-01
PICKLE,2010-07-17
BENJI,2016-05-10
SPARROW,2016-05-17
IMP,2017-03-23
BAILEY,2019-02-24
AVA,2018-09-06
COCO,2018-06-15
ROCKY,2013-09-18
ANGEL,2014-01-24
TIG,2018-12-31
BARNEY,2018-11-01
LOLA,2011-06-01
JET,2017-03-02
MAX,2017-08-28
BRONSON (AND BENJI),2015-07-05
PIXEL,2015-10-03
DALE,2016-02-04
CABOOSE,2016-06-10
HUMPHREY,2014-04-13
ELSA,2012-01-22
WOODY,2016-10-20
BENSON,2015-05-30
RIO,2018-03-25
LACEY,2018-02-08
CHARLIE,2018-10-14
TOBY,2018-12-24
MOUSE,2017-04-01
PATSY,2018-04-09
DAVE,2018-02-21
TAU,2018-04-07
MURPHY,2012-01-08
BOBBY,2014-08-04
JACK,2017-06-21
ARCHIE,2009-12-16
MOLLY,2017-03-14
GIZMO,2016-03-18
POPPY,2010-03-28
FRANKIE,2017-03-27
JETHRO,2008-02-16
JENNY,2014-05-24
CONKERS (& ROXY),2013-01-01
LARRY,2015-04-24
LEO,2015-10-05
BAILEY,2012-01-01
MINTY,2016-04-04
DANNY,2012-10-03
NELLY,2018-08-15
BRUNO,2013-05-24
PANTHER,2018-01-27
LUNA,2018-07-01
LADY,2009-06-06
CHARLIE,2013-03-01
MILONO,2010-08-01
OZZY,2019-04-20
DILLON,2007-03-01
DAISY,2014-02-01
CARTER,2015-08-08
PIPPA,2018-06-22
COCO,2018-06-15
SNOOP,2019-05-25
BENJI,2016-10-09
ZAC,2012-09-01
NOODLE,2017-04-07
MAX,2019-01-20
ANNIE,2016-10-22
OTTO,2017-09-25
WISH,2019-02-24
DIESEL,2018-09-16
MILO,2017-07-09
PIXIE,2018-06-03
KYRA,2017-03-27
ROY,2015-09-01
ERIC,2017-08-27
BRUCE,2019-04-19
REGGIE,2014-03-20
DODGER,2011-03-23
BELLA,2017-01-28
MARLEY,2009-03-19
BOW (WAS BEAU),2016-11-14
BRUNO,2013-09-11
BISTO,2015-09-10
BUD,2017-03-05
SHADOW,2018-07-01
EDDIE,2009-09-27
BUDDY,2016-06-28
TREACLE,2009-08-01
BEAU,2015-09-02
COPPER,2017-12-07
MOLLY,2017-04-24
SEBASTIAN,2017-04-04
TILLY,2013-10-17
MILO,2015-10-23
JACKSON,2018-03-22
PADDY,2012-08-24
MIA,2015-07-09
ORVILLE,2017-04-13
AMBER,2014-01-14
TIDY,2019-01-15
CALLY,2017-09-19
LESLIE,2018-04-08
TAU,2018-02-07
BEAR,2018-10-08
WILFY (AND PICKLES),2018-10-17
MILO,2018-11-01
HENRY,2017-12-03
BONNIE,2012-09-30
FRANKIE,2017-03-27
OLIVER,2015-09-21
CASPAR,2011-09-14
PIPPA,2017-09-30
ROCKY,2012-03-30
EVEREST,2016-06-19
BEAU,2015-09-15
TOM,2017-07-01
PALOMA,2018-04-22
BAILEY,2015-10-09
FINCH,2015-10-22
HAMLET,2008-04-23
DYLAN,2010-09-21
LULU,2014-06-28
DANDY,2014-10-15
MONICA,2019-01-14
PASHA,2017-12-08
DOUG,2015-08-21
MALCOLM,2019-01-25
JAKE,2015-05-13
CILLA,2013-09-14
BOOTS,2008-09-29
BUSTER,2007-10-08
ROCKO,2019-01-20
PHOENIX,2017-01-01
ROSIE,2015-08-31
EVEREST,2016-06-19
SAMSON,2012-06-01
COPPER,2017-12-07
